,city,company,date,id,name,phonenumber,street,zipcode
0,Lisaville,"Jones, Gonzales and Berg",1988-10-31 06:44:58,57,Philip Sanders,001-906-565-3526x822,502 Fernandez Viaduct Suite 692,44287
1,West Michael,Garrett PLC,2006-04-08 09:11:56,99,Rodney Eaton,191.271.8569,85456 Jason Trace Apt. 518,98463
2,Kennethshire,"Davis, Hernandez and Wilson",2013-07-05 18:05:15,449,Jessica Turner,245.861.1444x3163,9135 Clinton Summit,19312
3,North Christinetown,Mckenzie LLC,1998-02-28 09:39:19,443,Paige Kennedy,(833)890-7060x7367,2255 Lang Islands,77110
4,Susanhaven,Rogers LLC,2016-12-28 06:29:31,500,Benjamin Collins,575-513-2697x5988,4736 Danielle Forge Apt. 800,58299
5,South Judithland,Krueger-Forbes,1985-12-20 02:17:58,490,Brandon Smith,(010)157-6892x90202,78637 Laura Mission Apt. 951,95640
6,Melissaview,Woodward PLC,1993-09-24 09:45:55,473,Emily Thomas,+1-195-779-9911x646,16792 Taylor Freeway Apt. 801,92720
7,Debbiehaven,Logan-Acevedo,1995-02-17 02:57:41,388,Kirk Williams,+1-713-085-9375,8176 Linda Cape,29209
8,Wilsonfort,Frederick LLC,1986-03-22 10:24:06,417,Eric Obrien,+1-519-419-0795x927,26986 King Club Suite 601,67700
9,Stephaniehaven,"Michael, Johnson and Adams",2008-10-24 23:55:26,236,Rebecca Mccoy,+1-485-692-5515x7640,8721 Susan Circles,29829
